agent_id,x,y,time_interval_no
1,120.08553,22.73441,1
1,120.08555,22.73442,2
1,120.08559,22.73442,3
1,120.08563,22.73441,4
1,120.08567,22.73441,5
1,120.08567,22.73444,6
1,120.08568,22.73448,7
1,120.08567,22.73452,8
1,120.08567,22.73455,9
1,120.08567,22.73457,10
1,120.08567,22.73458,11
2,120.08552,22.7344,1
2,120.08554,22.73441,2
2,120.08559,22.73441,3
2,120.08562,22.73441,4
2,120.08567,22.73442,5
2,120.08567,22.73449,6
2,120.08567,22.73453,7
2,120.08567,22.73456,8
